"Pets and Animals","Farm Animals"
"Pets and Animals","Farm Animals","Alpaca"
"Pets and Animals","Farm Animals","Bantengs"
"Pets and Animals","Farm Animals","Bisons"
"Pets and Animals","Farm Animals","Camels"
"Pets and Animals","Farm Animals","Cattles"
"Pets and Animals","Farm Animals","Deers"
"Pets and Animals","Farm Animals","Donkeys"
"Pets and Animals","Farm Animals","Gayals"
"Pets and Animals","Farm Animals","Goats"
"Pets and Animals","Farm Animals","Horses"
"Pets and Animals","Farm Animals","Horses","Appaloosa"
"Pets and Animals","Farm Animals","Horses","Belgian Warmblood"
"Pets and Animals","Farm Animals","Horses","Connemara"
"Pets and Animals","Farm Animals","Horses","Irish Draught"
"Pets and Animals","Farm Animals","Horses","Irish Sports"
"Pets and Animals","Farm Animals","Horses","Other"
"Pets and Animals","Farm Animals","Horses","Thoroughbred"
"Pets and Animals","Farm Animals","Horses","Welsh Section A (Welsh Mountain)"
"Pets and Animals","Farm Animals","Horses","Welsh Section B (Welsh Pony of Riding Type)"
"Pets and Animals","Farm Animals","Horses","Welsh Section C (Welsh Pony of Cob Type)"
"Pets and Animals","Farm Animals","Horses","Welsh Section D (Welsh Cob)"
"Pets and Animals","Farm Animals","Llamas"
"Pets and Animals","Farm Animals","Mules"
"Pets and Animals","Farm Animals","Other"
"Pets and Animals","Farm Animals","Pigs"
"Pets and Animals","Farm Animals","Poultry"
"Pets and Animals","Farm Animals","Poultry","Chickens"
"Pets and Animals","Farm Animals","Poultry","Ducks"
"Pets and Animals","Farm Animals","Poultry","Geese"
"Pets and Animals","Farm Animals","Poultry","Guinea Fowl"
"Pets and Animals","Farm Animals","Poultry","Hens"
"Pets and Animals","Farm Animals","Poultry","Other"
"Pets and Animals","Farm Animals","Poultry","Peafowl"
"Pets and Animals","Farm Animals","Poultry","Pheasants"
"Pets and Animals","Farm Animals","Poultry","Quail"
"Pets and Animals","Farm Animals","Poultry","Turkeys"
"Pets and Animals","Farm Animals","Poultry","Waterfowl"
"Pets and Animals","Farm Animals","Reindeers"
"Pets and Animals","Farm Animals","Sheep"
"Pets and Animals","Farm Animals","Water buffalos"
"Pets and Animals","Farm Animals","Yaks"
"Pets and Animals","Monkeys"
"Pets and Animals","Pets"
"Pets and Animals","Pets","Birds"
"Pets and Animals","Pets","Birds","Budgerigars"
"Pets and Animals","Pets","Birds","Canaries"
"Pets and Animals","Pets","Birds","Cockatiels"
"Pets and Animals","Pets","Birds","Doves"
"Pets and Animals","Pets","Birds","Finches"
"Pets and Animals","Pets","Birds","Lories"
"Pets and Animals","Pets","Birds","Lovebirds"
"Pets and Animals","Pets","Birds","Macaws"
"Pets and Animals","Pets","Birds","Other"
"Pets and Animals","Pets","Birds","Parrots"
"Pets and Animals","Pets","Birds","Pigeons"
"Pets and Animals","Pets","Cats & Kittens"
"Pets and Animals","Pets","Cats & Kittens","Bengals"
"Pets and Animals","Pets","Cats & Kittens","Birmans"
"Pets and Animals","Pets","Cats & Kittens","British Shorthairs"
"Pets and Animals","Pets","Cats & Kittens","Exotics"
"Pets and Animals","Pets","Cats & Kittens","Mixed Breeds"
"Pets and Animals","Pets","Cats & Kittens","Norwegian Forest"
"Pets and Animals","Pets","Cats & Kittens","Orientals"
"Pets and Animals","Pets","Cats & Kittens","Other"
"Pets and Animals","Pets","Cats & Kittens","Persians"
"Pets and Animals","Pets","Cats & Kittens","Ragdolls"
"Pets and Animals","Pets","Cats & Kittens","Siamese"
"Pets and Animals","Pets","Dogs & Puppies"
"Pets and Animals","Pets","Dogs & Puppies","Akitas"
"Pets and Animals","Pets","Dogs & Puppies","Beagles"
"Pets and Animals","Pets","Dogs & Puppies","Boxers"
"Pets and Animals","Pets","Dogs & Puppies","Bulldogs"
"Pets and Animals","Pets","Dogs & Puppies","Chihuahuas"
"Pets and Animals","Pets","Dogs & Puppies","German Shepherds"
"Pets and Animals","Pets","Dogs & Puppies","Golden Retrievers"
"Pets and Animals","Pets","Dogs & Puppies","Jack Russells"
"Pets and Animals","Pets","Dogs & Puppies","Labradors"
"Pets and Animals","Pets","Dogs & Puppies","Mixed Breeds"
"Pets and Animals","Pets","Dogs & Puppies","Other"
"Pets and Animals","Pets","Exotic Pets"
"Pets and Animals","Pets","Exotic Pets","Guinea Pigs"
"Pets and Animals","Pets","Exotic Pets","Lizards"
"Pets and Animals","Pets","Exotic Pets","Other"
"Pets and Animals","Pets","Exotic Pets","Rabbits"
"Pets and Animals","Pets","Exotic Pets","Rats"
"Pets and Animals","Pets","Exotic Pets","Reptiles"
"Pets and Animals","Pets","Fish"
"Pets and Animals","Pets","Fish","Angelfish"
"Pets and Animals","Pets","Fish","Barbs"
"Pets and Animals","Pets","Fish","Bettas"
"Pets and Animals","Pets","Fish","Cichlids"
"Pets and Animals","Pets","Fish","Discus"
"Pets and Animals","Pets","Fish","Goldfish"
"Pets and Animals","Pets","Fish","Gouramis"
"Pets and Animals","Pets","Fish","Koi Carp"
"Pets and Animals","Pets","Fish","Other"
"Pets and Animals","Pets","Fish","Rainbow Fish"
"Pets and Animals","Pets","Fish","Tetras"
"Pets and Animals","Pets","Insects & Spiders"
"Pets and Animals","Pets","Other"
"Pets and Animals","Pets","Pet Accessories & Supplies"
"Pets and Animals","Pets","Pet Services"
"Pets and Animals","Pets","Pet Services","Advice"
"Pets and Animals","Pets","Pet Services","Insurance"
"Pets and Animals","Pets","Pet Services","Other"
"Pets and Animals","Pets","Pet Stores"
"Pets and Animals","Pets","Pet Supplies & Equipment"
"Pets and Animals","Pets","Pocket Pets"
"Pets and Animals","Pets","Pocket Pets","Chinchillas and Degus"
"Pets and Animals","Pets","Pocket Pets","Guinea Pigs"
"Pets and Animals","Pets","Pocket Pets","Hamsters and Gerbils"
"Pets and Animals","Pets","Pocket Pets","Hedgehogs"
"Pets and Animals","Pets","Pocket Pets","Mice"
"Pets and Animals","Pets","Pocket Pets","Other"
"Pets and Animals","Pets","Pocket Pets","Rabbits"
"Pets and Animals","Pets","Pocket Pets","Rats"
"Pets and Animals","Pets","Pocket Pets","Sugar Gliders & Flying Squirrels"
"Pets and Animals","Pets","Rabbits"
"Pets and Animals","Pets","Rabbits","British Giants"
"Pets and Animals","Pets","Rabbits","Continental Giants"
"Pets and Animals","Pets","Rabbits","Dutch"
"Pets and Animals","Pets","Rabbits","Dwarf Lops"
"Pets and Animals","Pets","Rabbits","French Lops"
"Pets and Animals","Pets","Rabbits","Lionheads"
"Pets and Animals","Pets","Rabbits","Mini Lops"
"Pets and Animals","Pets","Rabbits","Mixed Breeds"
"Pets and Animals","Pets","Rabbits","Netherland Dwarf"
"Pets and Animals","Pets","Rabbits","Other"
"Pets and Animals","Pets","Rabbits","Rex"
"Pets and Animals","Pets","Reptiles"
"Pets and Animals","Pets","Reptiles","Bearded Dragon"
"Pets and Animals","Pets","Reptiles","Chameleon"
"Pets and Animals","Pets","Reptiles","Frog"
"Pets and Animals","Pets","Reptiles","Gecko"
"Pets and Animals","Pets","Reptiles","Iguana"
"Pets and Animals","Pets","Reptiles","Lizard"
"Pets and Animals","Pets","Reptiles","Other"
"Pets and Animals","Pets","Reptiles","Snake"
"Pets and Animals","Pets","Reptiles","Terrapin"
"Pets and Animals","Pets","Reptiles","Tortoise"
"Pets and Animals","Pets","Reptiles","Turtles & Tortoises"
